1,google.com,HTTPSonly,200.0
2,facebook.com,HTTPSonly,200.0
3,amazonaws.com,HTTPSonly,200.0
4,a-msedge.net,neither,0.0
5,microsoft.com,neither,0.0
6,googleapis.com,neither,404.0
7,apple.com,HTTPSonly,200.0
8,youtube.com,neither,0.0
9,akamaiedge.net,neither,0.0
10,akamai.net,neither,0.0
11,twitter.com,HTTPSonly,200.0 
12,instagram.com,HTTPSonly,200.0
13,googlevideo.com,HTTPSonly,200.0
14,azure.com,HTTPSonly,200.0
15,gstatic.com,neither,404.0
16,cloudflare.com,HTTPSonly,200.0
17,linkedin.com,HTTPSonly,200.0
18,live.com,neither,0.0
19,tiktokcdn.com,neither,0.0
20,office.com,HTTPSonly,200.0
21,doubleclick.net,HTTPSonly,200.0
22,windowsupdate.com,neither,0.0
23,akadns.net,neither,0.0
24,googletagmanager.com,neither,400.0
25,netflix.com,HTTPSonly,200.0
26,apple-dns.net,neither,0.0
27,fbcdn.net,HTTPSonly,200.0
28,amazon.com,HTTPSonly,200.0
29,trafficmanager.net,neither,0.0
30,microsoftonline.com,neither,0.0
31,wikipedia.org,HTTPSonly,200.0
32,bing.com,HTTPSonly,200.0
33,fastly.net,HTTPSonly,200.0
34,icloud.com,HTTPSonly,200.0
35,googleusercontent.com,neither,404.0
36,l-msedge.net,neither,0.0
37,domaincontrol.com,neither,0.0
38,wordpress.org,HTTPSonly,200.0
39,root-servers.net,neither,0.0
40,gtld-servers.net,neither,0.0
41,youtu.be,neither,0.0
42,yahoo.com,HTTPSonly,200.0
43,digicert.com,HTTPSonly,200.0
44,aaplimg.com,neither,0.0
45,mail.ru,neither,0.0
46,pinterest.com,HTTPSonly,200.0
47,github.com,HTTPSonly,200.0
48,ui.com,HTTPSonly,200.0
49,tiktokv.com,neither,404.0
50,t-msedge.net,neither,0.0
51,sharepoint.com,neither,0.0
52,windows.net,HTTPSonly,200.0
53,nflxso.net,neither,0.0
54,adobe.com,HTTPSonly,200.0
55,googlesyndication.com,HTTPSonly,200.0
56,goo.gl,neither,404.0
57,cloudfront.net,neither,0.0
58,spotify.com,HTTPSonly,200.0
59,wordpress.com,HTTPSonly,200.0
60,vimeo.com,HTTPSonly,200.0
61,google-analytics.com,HTTPSonly,200.0
62,gandi.net,HTTPSonly,200.0
63,s-msedge.net,neither,0.0
64,office.net,neither,0.0
65,gvt2.com,neither,0.0
66,zoom.us,HTTPSonly,200.0
67,msn.com,HTTPSonly,200.0
68,bit.ly,HTTPSonly,200.0
69,skype.com,HTTPSonly,200.0
70,edgekey.net,neither,0.0
71,bytefcdn-oversea.com,neither,0.0
72,office365.com,neither,0.0
73,whatsapp.net,neither,400.0
74,yandex.net,both,200.0
75,cloudflare.net,HTTPSonly,200.0
76,whatsapp.com,neither,400.0
77,mozilla.org,HTTPSonly,200.0
78,qq.com,HTTPSonly,200.0
79,ntp.org,both,200.0
80,tiktok.com,HTTPSonly,200.0
81,wac-msedge.net,neither,0.0
82,roblox.com,HTTPSonly,200.0
83,app-measurement.com,neither,404.0
84,blogspot.com,HTTPSonly,200.0
85,intuit.com,HTTPSonly,200.0
86,cloudflare-dns.com,HTTPSonly,200.0
87,googledomains.com,HTTPSonly,200.0
88,ytimg.com,neither,0.0
89,outlook.com,neither,0.0
90,reddit.com,HTTPSonly,200.0
91,gvt1.com,neither,0.0
92,trbcdn.net,neither,0.0
93,snapchat.com,HTTPSonly,200.0
94,yandex.ru,HTTPSonly,200.0
95,opera.com,HTTPSonly,200.0
96,cdn77.org,neither,0.0
97,europa.eu,HTTPSonly,200.0
98,amazon-adsystem.com,neither,0.0
99,epicgames.com,neither,403.0
100,pki.goog,HTTPSonly,200.0
101,nic.ru,neither,0.0
102,baidu.com,both,200.0
103,macromedia.com,neither,0.0
104,dropbox.com,neither,0.0
105,adnxs.com,neither,0.0
106,tumblr.com,HTTPSonly,200.0
107,netflix.net,neither,0.0
108,azureedge.net,neither,0.0
109,nih.gov,HTTPSonly,200.0
110,criteo.com,HTTPSonly,200.0
111,ttlivecdn.com,neither,0.0
112,b-msedge.net,neither,0.0
113,cloudapp.net,neither,0.0
114,msedge.net,neither,0.0
115,gravatar.com,HTTPSonly,200.0
116,comcast.net,neither,0.0
117,lencr.org,HTTPSonly,200.0
118,flickr.com,HTTPSonly,200.0
119,one.one,HTTPSonly,200.0
120,nytimes.com,HTTPSonly,200.0
121,github.io,HTTPSonly,200.0
122,windows.com,HTTPSonly,200.0
123,health.mil,neither,0.0
124,msftncsi.com,neither,0.0
125,aiv-cdn.net,neither,0.0
126,a2z.com,neither,0.0
127,akamaized.net,neither,0.0
128,bytefcdn-ttpeu.com,neither,0.0
129,sentry.io,HTTPSonly,200.0
130,webex.com,HTTPSonly,200.0
131,t.me,HTTPSonly,200.0
132,unity3d.com,HTTPSonly,200.0
133,tiktokcdn-us.com,neither,0.0
134,cdninstagram.com,neither,0.0
135,registrar-servers.com,HTTPonly,200.0
136,googleadservices.com,neither,404.0
137,samsung.com,HTTPSonly,200.0
138,rubiconproject.com,neither,0.0
139,spo-msedge.net,neither,0.0
140,ggpht.com,neither,0.0
141,edgesuite.net,neither,0.0
142,wa.me,neither,400.0
143,zemanta.com,HTTPonly,200.0
144,sberdevices.ru,HTTPSonly,200.0
145,forms.gle,HTTPSonly,200.0
146,omtrdc.net,neither,0.0
147,paypal.com,HTTPSonly,200.0
148,apache.org,HTTPSonly,200.0
149,casalemedia.com,HTTPSonly,200.0
150,tds.net,HTTPSonly,200.0
151,rbxcdn.com,neither,0.0
152,amazonvideo.com,HTTPSonly,200.0
153,cnn.com,HTTPSonly,200.0
154,facebook-hardware.com,neither,404.0
155,wsdvs.com,neither,0.0
156,meraki.com,HTTPSonly,200.0
157,appsflyersdk.com,neither,0.0
158,soundcloud.com,HTTPSonly,200.0
159,2mdn.net,neither,0.0
160,e2ro.com,neither,0.0
161,archive.org,both,200.0
162,o365filtering.com,neither,0.0
163,nr-data.net,neither,0.0
164,miit.gov.cn,neither,0.0
165,t.co,HTTPSonly,200.0
166,mozilla.com,HTTPSonly,200.0
167,salesforceliveagent.com,HTTPSonly,200.0
168,medium.com,HTTPSonly,200.0
169,vk.com,HTTPSonly,200.0
170,theguardian.com,HTTPSonly,200.0
171,salesforce.com,HTTPSonly,200.0
172,gmail.com,HTTPSonly,200.0
173,w3.org,HTTPSonly,200.0
174,appsflyer.com,HTTPSonly,200.0
175,pubmatic.com,HTTPSonly,200.0
176,tfbnw.net,neither,0.0
177,applovin.com,HTTPSonly,200.0
178,forbes.com,HTTPSonly,200.0
179,mangosip.ru,neither,0.0
180,demdex.net,neither,0.0
181,worldfcdn2.com,neither,0.0
182,taboola.com,HTTPSonly,200.0
183,ebay.com,HTTPSonly,200.0
184,bbc.co.uk,HTTPSonly,200.0
185,azurewebsites.net,neither,0.0
186,dns.google,HTTPSonly,200.0
187,rocket-cdn.com,neither,0.0
188,rambler.ru,HTTPSonly,200.0
189,dual-s-msedge.net,neither,0.0
190,googleblog.com,HTTPSonly,200.0
191,adobe.io,HTTPSonly,200.0
192,akamaihd.net,neither,0.0
193,mzstatic.com,HTTPSonly,200.0
194,bbc.com,HTTPSonly,200.0
195,xiaomi.com,HTTPSonly,200.0
196,creativecommons.org,HTTPSonly,200.0
197,abusix.zone,neither,0.0
198,myfritz.net,HTTPSonly,200.0
199,sourceforge.net,HTTPSonly,200.0
200,smartadserver.com,neither,0.0
201,kaspersky.com,HTTPSonly,200.0
202,sciencedirect.com,neither,403.0
203,cisco.com,HTTPSonly,200.0
204,discord.com,HTTPSonly,200.0
205,shifen.com,neither,0.0
206,playstation.net,neither,0.0
207,imdb.com,neither,0.0
208,cdn-apple.com,neither,0.0
209,hp.com,HTTPSonly,200.0
210,miui.com,neither,0.0
211,mit.edu,HTTPSonly,200.0
212,shopify.com,HTTPSonly,200.0
213,nginx.org,both,200.0
214,userapi.com,HTTPSonly,200.0
215,dnsowl.com,neither,0.0
216,twitch.tv,HTTPSonly,200.0
217,slack.com,HTTPSonly,200.0
218,comfortel.pro,neither,0.0
219,att.net,HTTPSonly,200.0
220,facebook.net,neither,0.0
221,who.int,HTTPSonly,200.0
222,ubuntu.com,HTTPSonly,200.0
223,googletagservices.com,neither,0.0
224,cedexis.net,neither,0.0
225,scorecardresearch.com,neither,0.0
226,openx.net,both,200.0
227,washingtonpost.com,HTTPSonly,200.0
228,edgecdn.ru,neither,0.0
229,nginx.com,HTTPSonly,200.0
230,ampproject.org,HTTPSonly,200.0
231,doubleverify.com,HTTPSonly,200.0
232,adsrvr.org,HTTPSonly,200.0
233,wixsite.com,neither,0.0
234,go.com,HTTPSonly,200.0
235,amazon.co.uk,HTTPSonly,200.0
236,researchgate.net,HTTPSonly,200.0
237,issuu.com,HTTPSonly,200.0
238,wikimedia.org,HTTPSonly,200.0
239,youtube-nocookie.com,neither,0.0
240,msftconnecttest.com,neither,0.0
241,b-cdn.net,HTTPSonly,200.0
242,t-mobile.com,HTTPSonly,200.0
243,launchdarkly.com,HTTPSonly,200.0
244,jomodns.com,neither,0.0
245,aliyuncs.com,neither,404.0
246,android.com,HTTPSonly,200.0
247,mcafee.com,HTTPSonly,200.0
248,aol.com,HTTPSonly,200.0
249,hubspot.com,HTTPSonly,200.0
250,wp.com,HTTPSonly,200.0
251,cdc.gov,HTTPSonly,200.0
252,hipages.com.au,HTTPSonly,200.0
253,dailymail.co.uk,neither,0.0
254,tinyurl.com,HTTPSonly,200.0
255,comcast.com,neither,0.0
256,azurefd.net,neither,0.0
257,opendns.com,HTTPSonly,200.0
258,atomile.com,neither,0.0
259,dnsmadeeasy.com,HTTPSonly,200.0
260,amazon.dev,neither,0.0
261,dns.cn,neither,0.0
262,sc-gw.com,neither,0.0
263,booking.com,neither,0.0
264,weebly.com,HTTPSonly,200.0
265,reuters.com,HTTPSonly,200.0
266,appcenter.ms,HTTPSonly,200.0
267,safebrowsing.apple,neither,0.0
268,harvard.edu,HTTPSonly,200.0
269,oracle.com,HTTPSonly,200.0
270,doi.org,HTTPSonly,200.0
271,360yield.com,HTTPSonly,200.0
272,slideshare.net,HTTPSonly,200.0
273,canva.com,HTTPSonly,403.0
274,rlcdn.com,neither,0.0
275,sharethrough.com,HTTPSonly,200.0
276,3lift.com,both,200.0
277,media-amazon.com,neither,0.0
278,espn.com,HTTPSonly,200.0
279,force.com,HTTPSonly,200.0
280,bidswitch.net,neither,0.0
281,www.gov.uk,HTTPSonly,200.0
282,ibm.com,HTTPSonly,200.0
283,adriver.ru,HTTPSonly,200.0
284,moatads.com,neither,0.0
285,roku.com,HTTPSonly,200.0
286,teamviewer.com,HTTPSonly,200.0
287,nist.gov,HTTPSonly,200.0
288,media.net,HTTPSonly,200.0
289,google.de,HTTPSonly,200.0
290,vungle.com,HTTPSonly,200.0
291,weibo.com,HTTPSonly,200.0
292,wildberries.ru,HTTPSonly,200.0
293,google.co.uk,HTTPSonly,200.0
294,grammarly.com,HTTPSonly,200.0
295,indeed.com,neither,403.0
296,bloomberg.com,HTTPSonly,200.0
297,etsy.com,HTTPSonly,200.0
298,samsungqbe.com,neither,0.0
299,crashlytics.com,HTTPSonly,200.0
300,adsafeprotected.com,neither,0.0
301,supersonicads.com,neither,503.0
302,steampowered.com,HTTPSonly,200.0
303,dailymotion.com,HTTPSonly,200.0
304,wsj.com,HTTPSonly,200.0
305,wiley.com,HTTPSonly,200.0
306,samsungcloudsolution.com,neither,0.0
307,reg.ru,HTTPSonly,200.0
308,elasticbeanstalk.com,HTTPSonly,200.0
309,google.com.br,HTTPSonly,200.0
310,name-services.com,neither,0.0
311,ksyuncdn.com,neither,0.0
312,nature.com,HTTPSonly,200.0
313,jsdelivr.net,neither,0.0
314,quantserve.com,neither,0.0
315,dell.com,HTTPSonly,200.0
316,php.net,HTTPSonly,200.0
317,msidentity.com,neither,0.0
318,criteo.net,HTTPSonly,200.0
319,weather.com,HTTPSonly,200.0
320,twimg.com,neither,0.0
321,stripe.com,HTTPSonly,200.0
322,branch.io,neither,502.0
323,un.org,HTTPSonly,200.0
324,cdngslb.com,neither,0.0
325,alibabadns.com,neither,0.0
326,businessinsider.com,HTTPSonly,200.0
327,datadoghq.com,HTTPSonly,200.0
328,eset.com,HTTPSonly,200.0
329,lijit.com,HTTPSonly,200.0
330,dotomi.com,HTTPSonly,200.0
331,checkpoint.com,HTTPSonly,200.0
332,springer.com,HTTPSonly,200.0
333,yahoo.co.jp,HTTPSonly,200.0
334,quora.com,HTTPSonly,200.0
335,imrworldwide.com,neither,0.0
336,godaddy.com,HTTPSonly,200.0
337,mtgglobals.com,neither,0.0
338,cnbc.com,HTTPSonly,200.0
339,adobedtm.com,neither,0.0
340,list-manage.com,HTTPSonly,200.0
341,drom.ru,HTTPSonly,200.0
342,aws.dev,neither,0.0
343,ea.com,HTTPSonly,200.0
344,adform.net,neither,403.0
345,outbrain.com,HTTPSonly,200.0
346,id5-sync.com,HTTPSonly,200.0
347,nasa.gov,HTTPSonly,200.0
348,stanford.edu,HTTPSonly,200.0
349,sc-cdn.net,neither,0.0
350,unsplash.com,HTTPSonly,200.0
351,mi.com,neither,0.0
352,stbid.ru,HTTPonly,200.0
353,gnu.org,HTTPSonly,200.0
354,bamgrid.com,neither,0.0
355,ring.com,HTTPSonly,200.0
356,foxnews.com,HTTPSonly,200.0
357,elisa.fi,HTTPSonly,200.0
358,liadm.com,neither,0.0
359,viator.com,neither,403.0
360,discord.gg,HTTPSonly,200.0
361,churchcenter.com,HTTPSonly,200.0
362,1c.ru,HTTPSonly,200.0
363,nease.net,HTTPonly,200.0
364,npr.org,HTTPSonly,200.0
365,stackoverflow.com,HTTPSonly,200.0
366,dzeninfra.ru,neither,0.0
367,teads.tv,HTTPSonly,200.0
368,3gppnetwork.org,neither,0.0
369,go-mpulse.net,neither,0.0
370,sophos.com,HTTPSonly,200.0
371,cpanel.net,HTTPSonly,200.0
372,clarity.ms,neither,404.0
373,trendmicro.com,HTTPSonly,200.0
374,eventbrite.com,HTTPSonly,200.0
375,rocket-cdnbp.com,neither,0.0
376,xboxlive.com,HTTPSonly,200.0
377,xcal.tv,neither,0.0
378,wbx2.com,HTTPSonly,200.0
379,inner-active.mobi,neither,404.0
380,pv-cdn.net,neither,0.0
381,sohu.com,HTTPSonly,200.0
382,aliexpress.com,HTTPSonly,200.0
383,openai.com,HTTPSonly,200.0
384,amazonalexa.com,neither,0.0
385,giphy.com,HTTPSonly,200.0
386,globo.com,HTTPSonly,200.0
387,hicloud.com,neither,0.0
388,scdn.co,neither,0.0
389,wix.com,HTTPSonly,200.0
390,usatoday.com,HTTPSonly,200.0
391,time.com,HTTPSonly,200.0
392,rackspace.net,neither,0.0
393,telegraph.co.uk,HTTPSonly,200.0
394,azure-dns.com,neither,0.0
395,ups.com,HTTPSonly,200.0
396,linktr.ee,HTTPSonly,200.0
397,avcdn.net,neither,0.0
398,taobao.com,HTTPSonly,200.0
399,goodreads.com,HTTPSonly,200.0
400,alicdn.com,neither,0.0
401,walmart.com,HTTPSonly,200.0
402,arubanetworks.com,HTTPSonly,200.0
403,hichina.com,neither,0.0
404,hugedomains.com,HTTPSonly,200.0
405,netangels.ru,neither,0.0
406,forter.com,HTTPSonly,200.0
407,telecid.ru,neither,0.0
408,tradingview.com,HTTPSonly,200.0
409,staples.com,HTTPSonly,200.0
410,g.page,HTTPSonly,200.0
411,mynetname.net,neither,0.0
412,sfx.ms,neither,0.0
413,statista.com,HTTPSonly,200.0
414,amazon.de,HTTPSonly,200.0
415,blogger.com,HTTPSonly,200.0
416,chinamobile.com,neither,0.0
417,badoo.com,HTTPSonly,200.0
418,addtoany.com,HTTPSonly,200.0
419,independent.co.uk,HTTPSonly,200.0
420,hotjar.com,HTTPSonly,200.0
421,pangle.io,neither,0.0
422,wired.com,HTTPSonly,200.0
423,duckduckgo.com,HTTPSonly,200.0
424,pixabay.com,neither,403.0
425,verkada.com,HTTPSonly,200.0
426,byteoversea.net,neither,0.0
427,shipt.com,HTTPSonly,200.0
428,mozilla.net,neither,0.0
429,nvidia.com,HTTPSonly,200.0
430,myshopify.com,neither,404.0
431,scribd.com,HTTPSonly,200.0
432,bilibili.com,neither,0.0
433,online-metrix.net,neither,0.0
434,healthline.com,HTTPSonly,200.0
435,surveymonkey.com,HTTPSonly,200.0
436,gamepass.com,HTTPSonly,200.0
437,firetvcaptiveportal.com,HTTPonly,200.0
438,hostgator.com,neither,403.0
439,duckdns.org,both,200.0
440,kwai.net,neither,0.0
441,ngenix.net,HTTPSonly,200.0
442,creativecdn.com,both,204.0
443,amzn.to,HTTPSonly,200.0
444,ozon.ru,neither,403.0
445,cnet.com,HTTPSonly,200.0
446,speedtest.net,HTTPSonly,200.0
447,avast.com,HTTPSonly,200.0
448,herokudns.com,neither,0.0
449,naver.com,HTTPSonly,200.0
450,nflximg.com,neither,0.0
451,wal-mart.com,neither,0.0
452,ok.ru,HTTPSonly,200.0
453,imgur.com,HTTPSonly,200.0
454,zendesk.com,HTTPSonly,200.0
455,cmediahub.ru,neither,0.0
456,beian.gov.cn,neither,0.0
457,dzen.ru,HTTPSonly,200.0
458,uber.com,HTTPSonly,200.0
459,rzone.de,neither,0.0
460,mayoclinic.org,HTTPSonly,200.0
461,mikrotik.com,HTTPSonly,200.0
462,bitrix24.ru,HTTPSonly,200.0
463,ted.com,HTTPSonly,200.0
464,verisign.com,HTTPSonly,200.0
465,yahoodns.net,neither,0.0
466,ft.com,HTTPSonly,200.0
467,adtelligent.com,HTTPSonly,200.0
468,behance.net,HTTPSonly,200.0
469,indiatimes.com,HTTPSonly,200.0
470,xhamster.com,HTTPSonly,200.0
471,alibaba.com,HTTPSonly,200.0
472,samsungcloud.com,neither,0.0
473,example.com,both,200.0
474,amazontrust.com,HTTPSonly,200.0
475,cloudflareclient.com,neither,0.0
476,entrust.net,HTTPSonly,200.0
477,debian.org,HTTPSonly,200.0
478,imgsmail.ru,neither,0.0
479,buzzfeed.com,HTTPSonly,200.0
480,deviantart.com,neither,0.0
481,inmobi.com,HTTPSonly,200.0
482,disqus.com,HTTPSonly,200.0
483,mysql.com,HTTPSonly,200.0
484,kaspersky-labs.com,neither,0.0
485,consultant.ru,HTTPSonly,200.0
486,google.ca,HTTPSonly,200.0
487,icloud-content.com,HTTPSonly,200.0
488,pandora.com,HTTPSonly,200.0
489,gosuslugi.ru,HTTPSonly,200.0
490,webmd.com,HTTPSonly,200.0
491,mediatek.com,neither,0.0
492,worldnic.com,neither,0.0
493,rakuten.co.jp,neither,0.0
494,google.fr,HTTPSonly,200.0
495,line.me,HTTPSonly,200.0
496,digitalocean.com,HTTPSonly,200.0
497,ttvnw.net,neither,0.0
498,amazon.co.jp,HTTPSonly,200.0
499,duolingo.com,HTTPSonly,200.0
500,telegram.me,HTTPSonly,200.0
501,ivi.ru,neither,0.0
502,mncdn.com,neither,0.0
503,ca.gov,HTTPSonly,200.0
504,dnspod.net,neither,0.0
505,ovscdns.com,neither,0.0
506,squarespace.com,HTTPSonly,200.0
507,herokuapp.com,neither,403.0
508,loc.gov,HTTPSonly,200.0
509,mega.co.nz,HTTPSonly,200.0
510,robinhood.com,HTTPSonly,200.0
511,shutterstock.com,HTTPSonly,200.0
512,berkeley.edu,HTTPSonly,200.0
513,google.es,HTTPSonly,200.0
514,playstation.com,neither,0.0
515,nstld.com,neither,0.0
516,cbsnews.com,HTTPSonly,200.0
517,google.co.jp,HTTPSonly,200.0
518,marriott.com,HTTPSonly,200.0
519,163.com,neither,0.0
520,tripadvisor.com,neither,403.0
521,att.com,HTTPSonly,200.0
522,mailchimp.com,neither,0.0
523,telefonica.de,HTTPSonly,200.0
524,ai-lawandorder.com,neither,0.0
525,google.it,HTTPSonly,200.0
526,goskope.com,neither,0.0
527,sina.com.cn,HTTPSonly,200.0
528,yelp.com,HTTPSonly,200.0
529,jquery.com,HTTPSonly,200.0
530,trustpilot.com,HTTPSonly,200.0
531,huawei.com,HTTPSonly,200.0
532,atlassian.com,HTTPSonly,200.0
533,myspace.com,HTTPSonly,200.0
534,livejournal.com,neither,0.0
535,braze.com,HTTPSonly,200.0
536,ezvizlife.com,HTTPSonly,200.0
537,fb.com,HTTPSonly,200.0
538,autodesk.com,HTTPSonly,200.0
539,mob.com,neither,0.0
540,nelreports.net,neither,0.0
541,aboutads.info,HTTPSonly,200.0
542,netease.com,HTTPonly,200.0
543,onetrust.com,HTTPSonly,200.0
544,free.fr,HTTPSonly,200.0
545,steamcommunity.com,HTTPSonly,200.0
546,latimes.com,HTTPSonly,200.0
547,ikea.com,HTTPSonly,200.0
548,isnssdk.com,neither,0.0
549,visualstudio.com,HTTPSonly,200.0
550,tandfonline.com,neither,403.0
551,patreon.com,HTTPSonly,200.0
552,theverge.com,HTTPSonly,200.0
553,nest.com,HTTPSonly,200.0
554,launchpad.net,HTTPSonly,200.0
555,mts.ru,HTTPSonly,200.0
556,nintendo.net,neither,0.0
557,techcrunch.com,HTTPSonly,200.0
558,byteglb.com,neither,0.0
559,igamecj.com,neither,0.0
560,grammarly.io,neither,0.0
561,conviva.com,HTTPSonly,200.0
562,rncdn7.com,HTTPonly,200.0
563,noaa.gov,HTTPSonly,200.0
564,oup.com,HTTPonly,202.0
565,timeweb.ru,HTTPSonly,200.0
566,ietf.org,HTTPSonly,200.0
567,incapdns.net,neither,0.0
568,nike.com,HTTPSonly,200.0
569,cornell.edu,HTTPSonly,200.0
570,accuweather.com,HTTPSonly,200.0
571,merriam-webster.com,HTTPSonly,200.0
572,newrelic.com,HTTPSonly,200.0
573,smaato.net,neither,0.0
574,freepik.com,HTTPSonly,200.0
575,adobe.net,HTTPSonly,200.0
576,dbankcloud.cn,neither,0.0
577,shalltry.com,neither,403.0
578,aiv-delivery.net,neither,0.0
579,yandex.com,HTTPSonly,200.0
580,google.co.in,HTTPSonly,200.0
581,rackspace.com,HTTPSonly,200.0
582,sorbs.net,neither,0.0
583,intel.com,neither,403.0
584,licdn.com,neither,0.0
585,flashtalking.com,HTTPSonly,200.0
586,crwdcntrl.net,neither,0.0
587,qualtrics.com,HTTPSonly,200.0
588,wattpad.com,HTTPSonly,200.0
589,yieldmo.com,HTTPSonly,200.0
590,amplitude.com,HTTPSonly,200.0
591,webrootcloudav.com,neither,0.0
592,akam.net,neither,0.0
593,pinimg.com,HTTPSonly,200.0
594,optimizely.com,HTTPSonly,200.0
595,qlivecdn.com,neither,0.0
596,getpocket.com,HTTPSonly,200.0
597,warnerbros.com,HTTPSonly,200.0
598,agkn.com,neither,0.0
599,homedepot.com,HTTPSonly,200.0
600,theatlantic.com,HTTPSonly,200.0
601,huffingtonpost.com,HTTPSonly,200.0
602,fontawesome.com,HTTPSonly,200.0
603,calendly.com,HTTPSonly,200.0
604,mozgcp.net,neither,0.0
605,aliyun.com,HTTPSonly,200.0
606,virtualearth.net,HTTPSonly,200.0
607,cookielaw.org,neither,0.0
608,dns-parking.com,neither,0.0
609,e-msedge.net,neither,0.0
610,omnitagjs.com,neither,0.0
611,academia.edu,HTTPSonly,200.0
612,bidr.io,neither,0.0
613,yahoo.net,HTTPSonly,200.0
614,nbcnews.com,HTTPSonly,200.0
615,riotgames.com,HTTPSonly,200.0
616,prnewswire.com,HTTPSonly,200.0
617,live.net,neither,0.0
618,apple.news,HTTPSonly,200.0
619,addthis.com,neither,0.0
620,appspot.com,HTTPSonly,200.0
621,rt.ru,neither,0.0
622,allawnos.com,neither,0.0
623,britannica.com,HTTPSonly,200.0
624,box.com,HTTPSonly,200.0
625,livechatinc.com,HTTPSonly,200.0
626,elpais.com,HTTPSonly,200.0
627,footprintdns.com,neither,0.0
628,target.com,HTTPSonly,200.0
629,uol.com.br,HTTPSonly,200.0
630,washington.edu,both,200.0
631,ipify.org,HTTPSonly,200.0
632,life360.com,neither,0.0
633,google.com.hk,HTTPSonly,200.0
634,spcsdns.net,neither,0.0
635,fandom.com,neither,0.0
636,statuspage.io,HTTPSonly,200.0
637,intercom.io,HTTPSonly,200.0
638,online.net,HTTPSonly,200.0
639,fbsbx.com,neither,404.0
640,tapad.com,HTTPSonly,200.0
641,cloudns.net,HTTPSonly,200.0
642,hulu.com,HTTPSonly,200.0
643,typekit.net,neither,0.0
644,ecdns.net,neither,0.0
645,google.pl,HTTPSonly,200.0
646,quantummetric.com,HTTPSonly,200.0
647,stackadapt.com,HTTPSonly,200.0
648,maricopa.gov,neither,0.0
649,klaviyo.com,HTTPSonly,200.0
650,fda.gov,HTTPSonly,200.0
651,bugsnag.com,HTTPSonly,200.0
652,w3schools.com,HTTPSonly,200.0
653,xvideos.com,HTTPSonly,200.0
654,contentsquare.net,neither,0.0
655,samsungapps.com,both,200.0
656,mega.nz,HTTPSonly,200.0
657,bluehost.com,neither,403.0
658,temu.com,HTTPSonly,200.0
659,impervadns.net,neither,0.0
660,attn.tv,HTTPSonly,200.0
661,dns.com,HTTPSonly,200.0
662,contextweb.com,HTTPSonly,200.0
663,sentinelone.net,neither,0.0
664,nflxvideo.net,HTTPSonly,200.0
665,spov-msedge.net,neither,0.0
666,viber.com,HTTPSonly,200.0
667,mediafire.com,HTTPSonly,200.0
668,okta.com,HTTPSonly,200.0
669,name.com,HTTPSonly,200.0
670,hbr.org,HTTPSonly,200.0
671,ovscdns.net,neither,0.0
672,bitdefender.com,HTTPSonly,200.0
673,amazon.fr,HTTPSonly,200.0
674,everesttech.net,neither,0.0
675,oath.cloud,neither,0.0
676,pornhub.com,HTTPSonly,200.0
677,amazon.ca,HTTPSonly,200.0
678,bluekai.com,HTTPSonly,200.0
679,ttoverseaus.net,neither,0.0
680,yimg.com,both,200.0
681,beeline.ru,neither,0.0
682,nintendo.com,HTTPSonly,200.0
683,dns-shop.ru,neither,401.0
684,ohthree.com,neither,0.0
685,douyincdn.com,neither,0.0
686,coinmarketcap.com,HTTPSonly,200.0
687,usda.gov,HTTPSonly,200.0
688,google.com.mx,HTTPSonly,200.0
689,investopedia.com,HTTPSonly,200.0
690,sagepub.com,neither,403.0
691,33across.com,HTTPSonly,200.0
692,spaceweb.pro,neither,0.0
693,udemy.com,neither,403.0
694,nationalgeographic.com,HTTPSonly,200.0
695,google.com.tr,HTTPSonly,200.0
696,google.com.tw,HTTPSonly,200.0
697,samsungacr.com,neither,0.0
698,service.gov.uk,HTTPSonly,200.0
699,bytetcdn.com,neither,0.0
700,cdnbuild.net,neither,0.0
701,unesco.org,HTTPSonly,200.0
702,yximgs.com,neither,404.0
703,shein.com,HTTPSonly,200.0
704,bandcamp.com,HTTPSonly,200.0
705,docker.com,HTTPSonly,200.0
706,telegram.org,HTTPSonly,200.0
707,gumgum.com,HTTPSonly,200.0
708,tremorhub.com,neither,403.0
709,bestbuy.com,neither,0.0
710,erome.com,HTTPSonly,200.0
711,cambridge.org,HTTPSonly,200.0
712,youku.com,neither,0.0
713,allaboutcookies.org,HTTPSonly,200.0
714,zillow.com,HTTPSonly,200.0
715,xiaomi.net,HTTPSonly,200.0
716,ttdns2.com,neither,0.0
717,dbankcloud.com,neither,0.0
718,swrve.com,HTTPSonly,200.0
719,usgovcloudapi.net,neither,0.0
720,w55c.net,neither,0.0
721,themeforest.net,HTTPSonly,200.0
722,hostgator.com.br,HTTPSonly,200.0
723,shopee.co.id,neither,0.0
724,ieee.org,HTTPSonly,200.0
725,fiverr.com,HTTPSonly,200.0
726,lemonde.fr,HTTPSonly,200.0
727,kickstarter.com,neither,403.0
728,mirtesen.ru,HTTPSonly,200.0
729,paloaltonetworks.com,HTTPSonly,200.0
730,usps.com,HTTPSonly,200.0
731,people.com,HTTPSonly,200.0
732,1rx.io,neither,0.0
733,huffpost.com,HTTPSonly,200.0
734,xbox.com,HTTPSonly,200.0
735,ioam.de,HTTPSonly,200.0
736,rbc.ru,HTTPSonly,200.0
737,mailchi.mp,HTTPSonly,200.0
738,bankofamerica.com,HTTPSonly,200.0
739,chaturbate.com,HTTPSonly,200.0
740,mixpanel.com,HTTPSonly,200.0
741,tencent-cloud.net,neither,0.0
742,business.site,HTTPSonly,200.0
743,jotform.com,HTTPSonly,200.0
744,apigee.net,neither,0.0
745,ifood.com.br,HTTPSonly,200.0
746,cdnhwc1.com,neither,0.0
747,onlyfans.com,HTTPSonly,200.0
748,fast.com,HTTPSonly,200.0
749,namebrightdns.com,neither,0.0
750,steamstatic.com,neither,0.0
751,a-mo.net,HTTPSonly,200.0
752,networkadvertising.org,HTTPSonly,200.0
753,me.com,HTTPSonly,200.0
754,cdnvideo.ru,HTTPSonly,200.0
755,pbs.org,HTTPSonly,200.0
756,upwork.com,neither,403.0
757,princeton.edu,HTTPSonly,200.0
758,kargo.com,HTTPSonly,200.0
759,savvis.net,HTTPSonly,200.0
760,aniview.com,HTTPSonly,200.0
761,ssacdn.com,neither,0.0
762,awsglobalaccelerator.com,neither,0.0
763,ks-cdn.com,neither,0.0
764,google.cn,HTTPonly,200.0
765,amazon.es,HTTPSonly,200.0
766,airbnb.com,HTTPSonly,200.0
767,sitescout.com,neither,409.0
768,mgid.com,HTTPSonly,200.0
769,rfihub.com,neither,0.0
770,stickyadstv.com,neither,0.0
771,news.com.au,neither,0.0
772,heytapdl.com,neither,0.0
773,fedex.com,HTTPSonly,200.0
774,gandi-ns.fr,neither,0.0
775,xnxx.com,HTTPSonly,200.0
776,fb.me,HTTPSonly,200.0
777,ebay.co.uk,HTTPSonly,200.0
778,redhat.com,HTTPSonly,200.0
779,change.org,HTTPSonly,200.0
780,intentiq.com,HTTPSonly,200.0
781,lefigaro.fr,HTTPSonly,200.0
782,ipredictive.com,neither,0.0
783,norton.com,HTTPSonly,200.0
784,hm.com,HTTPSonly,200.0
785,t-online.de,HTTPSonly,200.0
786,krxd.net,neither,0.0
787,imcmdb.net,neither,0.0
788,ssl-images-amazon.com,neither,0.0
789,appier.net,HTTPSonly,200.0
790,allegro.pl,neither,403.0
791,whitehouse.gov,HTTPSonly,200.0
792,adjust.com,neither,0.0
793,phicdn.net,neither,0.0
794,turn.com,neither,0.0
795,iso.org,HTTPSonly,200.0
796,indexww.com,neither,403.0
797,amazon.in,HTTPSonly,200.0
798,amazon.it,HTTPSonly,200.0
799,samsungosp.com,neither,0.0
800,rings.solutions,neither,0.0
801,bootstrapcdn.com,HTTPSonly,200.0
802,brave.com,HTTPSonly,200.0
803,spot.im,HTTPSonly,200.0
804,epa.gov,HTTPSonly,200.0
805,lowes.com,neither,403.0
806,lenovo.com,HTTPSonly,200.0
807,hilton.com,neither,0.0
808,discordapp.com,HTTPSonly,200.0
809,shopee.com.br,HTTPSonly,200.0
810,ameblo.jp,HTTPSonly,200.0
811,miwifi.com,both,200.0
812,rapid7.com,HTTPSonly,200.0
813,unrulymedia.com,neither,403.0
814,churnzero.net,HTTPSonly,200.0
815,llnwi.net,neither,0.0
816,360.cn,HTTPSonly,200.0
817,chartboost.com,HTTPSonly,200.0
818,statcounter.com,HTTPSonly,200.0
819,onetag-sys.com,HTTPSonly,200.0
820,rspamd.com,HTTPSonly,200.0
821,tp-link.com,HTTPSonly,200.0
822,eporner.com,HTTPSonly,200.0
823,heytapmobile.com,neither,0.0
824,kohls.com,HTTPSonly,200.0
825,githubusercontent.com,neither,0.0
826,markmonitor.com,neither,403.0
827,netgear.com,HTTPSonly,200.0
828,conicet.gov.ar,HTTPSonly,200.0
829,ibyteimg.com,neither,0.0
830,exelator.com,neither,0.0
831,primevideo.com,HTTPSonly,200.0
832,seznam.cz,HTTPSonly,200.0
833,yellowblue.io,neither,0.0
834,worldbank.org,HTTPSonly,200.0
835,dyingbirds.com,neither,0.0
836,browser-intake-datadoghq.com,neither,404.0
837,chartbeat.net,HTTPSonly,200.0
838,bild.de,HTTPSonly,200.0
839,thesun.co.uk,HTTPSonly,200.0
840,gitlab.com,HTTPSonly,200.0
841,firefox.com,HTTPSonly,200.0
842,daum.net,HTTPSonly,200.0
843,dreamhost.com,HTTPSonly,200.0
844,usnews.com,HTTPSonly,200.0
845,firebaseio.com,neither,0.0
846,mwbsys.com,neither,0.0
847,disneyplus.com,HTTPSonly,200.0
848,state.gov,neither,0.0
849,ys7.com,HTTPSonly,200.0
850,connatix.com,HTTPSonly,200.0
851,globalsign.com,HTTPSonly,200.0
852,tribalfusion.com,HTTPSonly,200.0
853,mgts.ru,neither,0.0
854,canonical.com,HTTPSonly,200.0
855,nypost.com,HTTPSonly,200.0
856,immunet.com,HTTPSonly,200.0
857,myqcloud.com,neither,0.0
858,azure-devices.net,neither,0.0
859,umich.edu,HTTPSonly,200.0
860,genius.com,HTTPSonly,200.0
861,dns.ne.jp,neither,0.0
862,columbia.edu,HTTPSonly,200.0
863,heylink.me,neither,403.0
864,vmware.com,HTTPSonly,200.0
865,service-now.com,HTTPSonly,200.0
866,economist.com,HTTPSonly,200.0
867,arcgis.com,HTTPSonly,200.0
868,springserve.com,HTTPSonly,200.0
869,vkontakte.ru,HTTPSonly,200.0
870,splashtop.com,HTTPSonly,200.0
871,repubblica.it,HTTPSonly,200.0
872,sonobi.com,HTTPSonly,200.0
873,unpkg.com,HTTPSonly,200.0
874,pendo.io,both,200.0
875,recaptcha.net,neither,404.0
876,jimdo.com,HTTPSonly,200.0
877,bdydns.com,neither,0.0
878,cloudflareinsights.com,HTTPSonly,200.0
879,segment.io,HTTPSonly,200.0
880,pccc.com,neither,0.0
881,macys.com,HTTPSonly,200.0
882,clever.com,HTTPSonly,200.0
883,sectigo.com,HTTPSonly,200.0
884,wikihow.com,HTTPSonly,200.0
885,biblegateway.com,HTTPSonly,200.0
886,xerox.com,HTTPSonly,200.0
887,vivoglobal.com,neither,0.0
888,discogs.com,neither,403.0
889,costco.com,HTTPSonly,200.0
890,ya.ru,HTTPSonly,200.0
891,deloitte.com,HTTPSonly,200.0
892,ad.gt,neither,0.0
893,btloader.com,neither,403.0
894,avito.ru,neither,403.0
895,adgrx.com,neither,0.0
896,synology.com,HTTPSonly,200.0
897,xfinity.com,neither,0.0
898,ancestry.com,HTTPSonly,200.0
899,hotmail.com,neither,0.0
900,ebay.de,HTTPSonly,200.0
901,businesswire.com,HTTPSonly,200.0
902,cookiedatabase.org,HTTPSonly,200.0
903,schwab.com,HTTPSonly,200.0
904,1drv.com,neither,0.0
905,cbc.ca,HTTPSonly,200.0
906,mckinsey.com,HTTPSonly,200.0
907,mparticle.com,HTTPSonly,200.0
908,samsungcloudsolution.net,neither,0.0
909,sharethis.com,HTTPSonly,200.0
910,quickconnect.to,both,200.0
911,typeform.com,HTTPSonly,200.0
912,mediavine.com,HTTPSonly,200.0
913,apnews.com,HTTPSonly,200.0
914,onet.pl,HTTPSonly,200.0
915,akismet.com,HTTPSonly,200.0
916,amazon.com.br,neither,503.0
917,spotifycdn.com,neither,0.0
918,redd.it,HTTPSonly,200.0
919,onesignal.com,HTTPSonly,200.0
920,vkuser.net,neither,0.0
921,dnsv1.com,neither,404.0
922,adroll.com,HTTPSonly,200.0
923,ubi.com,HTTPSonly,200.0
924,tiktokv.us,neither,0.0
925,atlassian.net,HTTPSonly,200.0
926,tiqcdn.com,neither,0.0
927,postrelease.com,neither,403.0
928,flurry.com,HTTPSonly,200.0
929,corriere.it,HTTPSonly,200.0
930,googlezip.net,neither,0.0
931,theconversation.com,HTTPSonly,200.0
932,elmundo.es,HTTPSonly,200.0
933,rackspaceclouddb.com,neither,0.0
934,innovid.com,HTTPSonly,200.0
935,asos.com,HTTPSonly,200.0
936,si.com,neither,403.0
937,va.gov,HTTPSonly,200.0
938,2gis.com,neither,0.0
939,cdnhwc2.com,neither,0.0
940,simpli.fi,HTTPSonly,200.0
941,rayjump.com,HTTPonly,200.0
942,nba.com,neither,0.0
943,wp.pl,HTTPSonly,200.0
944,weforum.org,neither,403.0
945,character.ai,HTTPSonly,200.0
946,psychologytoday.com,HTTPSonly,200.0
947,perfectdomain.com,HTTPSonly,200.0
948,smartthings.com,HTTPSonly,200.0
949,ign.com,HTTPSonly,200.0
950,flipkart.com,neither,0.0
951,mmcdn.com,HTTPSonly,200.0
952,ubnt.com,HTTPSonly,200.0
953,quizlet.com,neither,403.0
954,4dex.io,neither,0.0
955,twitchcdn.net,neither,0.0
956,plex.tv,HTTPSonly,200.0
957,nic.do,neither,0.0
958,coingecko.com,HTTPSonly,200.0
959,pikabu.ru,neither,0.0
960,eepurl.com,both,200.0
961,bol.com,HTTPSonly,200.0
962,skroutz.gr,neither,403.0
963,francetvinfo.fr,HTTPSonly,200.0
964,bytefcdn.com,neither,0.0
965,xserver.jp,neither,0.0
966,utorrent.com,HTTPSonly,200.0
967,mdpi.com,HTTPSonly,200.0
968,redditstatic.com,neither,0.0
969,kaspi.kz,neither,0.0
970,pexels.com,neither,403.0
971,newyorker.com,HTTPSonly,200.0
972,pusher.com,HTTPSonly,200.0
973,arxiv.org,both,200.0
974,notamedia.ru,HTTPSonly,200.0
975,mozaws.net,neither,0.0
976,chartbeat.com,HTTPSonly,200.0
977,vidazoo.com,HTTPSonly,200.0
978,withgoogle.com,HTTPSonly,200.0
979,immedia-semi.com,neither,0.0
980,amazon.com.au,HTTPSonly,200.0
981,agoda.com,HTTPSonly,200.0
982,openstreetmap.org,HTTPSonly,200.0
983,bidmachine.io,neither,0.0
984,binance.com,HTTPSonly,200.0
985,pixiv.net,HTTPSonly,200.0
986,byteoversea.com,neither,0.0
987,interia.pl,HTTPSonly,200.0
988,socdm.com,neither,0.0
989,classlink.com,HTTPSonly,200.0
990,spankbang.com,HTTPSonly,403.0
991,ironsrc.mobi,neither,404.0
992,www.gov.br,HTTPSonly,200.0
993,split.io,HTTPSonly,200.0
994,sportskeeda.com,HTTPSonly,200.0
995,youronlinechoices.com,neither,0.0
996,plesk.com,HTTPSonly,200.0
997,creditkarma.com,HTTPSonly,200.0
998,agora.io,HTTPSonly,200.0
999,oculus.com,neither,400.0
1000,plos.org,HTTPSonly,200.0
